"149,1,""LARINGOSCOPIO CON 3 VALVAS"",""WELCH ALLYN"",""MA INTOSH"",N/A,NULL,2"
"150,1,""RESONADOR MAGNETICO"",PHILIPS,""INTERA 1.5"",""27152 - 21345 - 30216 - BC305BBA9114 - S76 "",NULL,2"
"151,1,INYECTOR,MEDRAD,""SPETRIS SOLARIS"",60015,NULL,2"
"152,1,""MONITOR DE SIGNOS VITALES"",MEDRAD,VERIS,48819.00,NULL,2"
"153,1,""EQUIPO DE RAYOS X "",SHIMADZU,""MOBILEART EVOLUTION"",""5037000051 - 0162S87304 - "",NULL,2"
"154,1,""EQUIPO DE RAYOS X"",TOSHIBA,""WINSCOPE PLESSART"",""E3A1192001 - L4A1192029 - "",NULL,2"
"155,1,""TOMOGRAFO "",TOSHIBA,""ACTIVION 16"",1CC10Z2958,NULL,2"
"156,1,""ECOGRAFO "",""GENERAL ELECTRIC"",""VOLUSON E6"",""D52279 - 2882938"",NULL,2"
"157,1,VIDEOGASTROSCOPIO,FUJINON,""VP- 440HD-TV"",""1V491A493 - 1S089A493 - 10167470 - PC410JM - 4G314A029- 4C496A012- MD102A160"",NULL,2"
"158,1,""PISTOLA DE BIOPSIA"",""PRO-MAG ULTRA"",N/A,24586,NULL,2"
"159,1,""PISTOLA DE BIOPSIA"",""PRO-MAG ULTRA"",N/A,24600,NULL,2"
"160,1,""TERMOHIGROMETRO "",""JUMBO 303C"",N/A,N/A,NULL,2"
"161,1,TERMOHIGROMETRO,DIGITAL,""JUMBO TTH"",N/A,NULL,2"
"162,1,""TENSIOMETRO ADULTO"",WELCHALLYN,N/A,1.11004E+11,NULL,2"
"163,1,""FONENDOSCOPIO ADULTO"",3M,LITTMAN,I11Y40348,NULL,2"
"164,1,""BASCULA DE PISO"",""HEALTH O METER"",""844 KL"",8440028249,NULL,2"
"165,1,""EQUIPO DIGITALIZADOR "",AGFA,CR-30,""10406 - NX28911184"",NULL,2"
"166,1,""INYECTOR OPTIVANTAGE"",LF,OPTIVANTAGE,CI1210B501,NULL,2"
167,1,COLPOSCOPIO,FIBERLIGTH,FO-101,1006634,NULL,2
"168,1,""ECOGRAFO "",SONOSCAPE,S8,O900168,NULL,2"
169,1,TERMOHIGROMETRO,N/A,N/A,N/A,NULL,2
170,1,TERMOHIGROMETRO,N/A,N/A,N/A,NULL,2
"171,3,""RESONADOR MAGNETICO"",SIEMENS,""AVANTO 1.5"",57128,NULL,2"
"172,3,""MONITOR DE SIGNOS VITALES RM"",MEDRAD,VERIS,""57435 - 057452"",NULL,2"
"173,3,""MAQUINA DE ANESTESIA"",BLENSE,GENIUS,""GENI 000170 -21301032"",NULL,2"
"174,3,ECOGRAFO,""GENERAL ELECTRIC"",""LOGIQ E9"",129651456,NULL,2"
"175,3,INYECTOR,MEDRAD,""SPECTRIS SOLARIS"",""45301 - 3012012455301"",NULL,2"
"176,3,""BALANZA "",""HEALTH O METER"",""160 KG"",""1620002902 - 1620002857"",NULL,2"
177,3,TALLIMETRO,,,,NULL,2
"178,3,ECOGRAFO,SIEMENS,""ACUSON X 300 PREMIUM EDITION"",341659,NULL,2"
"179,3,""EQUIPO DE RAYOS X"",TOSHIBA,""WINESCOPE PLESART"",E3A11X2003,NULL,2"
"180,3,""EQUIPO DE RAYOS X"",AMRAD,""SUMMIT INDUSTRIES"",AMA246-0712,NULL,2"
"181,3,TOMOGRAFO,TOSHIBA,""AQUILION 64"",""HCA0682313 - 1AA682352"",NULL,2"
182,3,INYECTOR,OPTIVANTAGE,LF,CI1211B521,NULL,2
183,3,INYECTOR,LF,ILLUMENA,CI0611C003,NULL,2
"184,3,""EQUIPO DIGITALIZADOR "",AGFA,CR-35,""8515 - NX27210263"",NULL,2"
"185,3,""EQUIPO DE RAYOS X "",SHIMADZU,""MOBILEART EVOLUTION"",41000330C001,NULL,2"
"186,3,""EQUIPO DE PLETISMOGRAFIA"",PLESS,""VISTA AVS"",""VA006140 - VA006051"",NULL,2"
"187,3,""MAQUINA DE ANESTESIA"",MINDRAY,""WATO EX 65"",DA/13101503,NULL,2"
"188,3,NEGATOSCOPIO,""GENERAL ELECTRIC"",,,NULL,2"
"189,3,""MONITOR DE SIGNOS VITALES  "",MINDRAY,""BENEVIEW T5"",CM-12116148,NULL,2"
"190,3,""EQUIPO DIGITALIZADOR  "",AGFA,CR-85,""2960 - NX100310924"",NULL,2"
"191,3,""PISTOLA DE BIOPSIA"",""PRO-MAG ULTRA"",N/A,24915,NULL,2"
"192,3,""PISTOLA DE BIOPSIA"",""PRO-MAG ULTRA"",N/A,24597,NULL,2"
"193,3,""PISTOLA DE BIOPSIA"",""PRO-MAG ULTRA"",N/A,16738,NULL,2"
"194,3,""PISTOLA DE BIOPSIA"",""MD TECH"",N/A,13473,NULL,2"
"195,3,""LARINGOSCOPIO "",WELCHMAN,60300,N/A,NULL,2"
"196,3,""FONENDOSCOPIO ADULTO"",ALPK2,N/A,N/A,NULL,2"
"197,3,""TENSIOMETRO ADULTO"",ALPK2,SPHYGMOMANOMETER,981901,NULL,2"
"198,1,""ECOGRAFO  "",SONOSITE,M-TURBO,WG002H,NULL,2"
"199,3,""FONENDOSCOPIO ADULTO"",ALPK2,N/A,N/A,NULL,2"
"200,3,""TENSIOMETRO ADULTO"",ALPK2,SPHYGMOMANOMETER,988116,NULL,2"
"201,3,""ANGIOGRAFO  "",TOSHIBA,INFINIXCCI,""99D07Y2766 - 09BZ6008"",NULL,2"
"202,3,SUCCIONADOR,APEX,""VC 701"",N/A,NULL,2"
"203,3,""INYECTOR "",LF,ILLUMENA,C10310C043,NULL,2"
"204,3,""FONENDOSCOPIO ADULTO"",ALPK2,N/A,N/A,NULL,2"
"205,3,""TENSIOMETRO ADULTO"",ALPK2,SPHYGMOMANOMETER,985536-477026,NULL,2"
"206,3,""INYECTOR "",LF,""CT900 ADV"",CI0709B015,NULL,2"
"207,3,ANGIOGRAFO,""GENERAL ELECTRIC"",""AOC 9900"",""E2-7650-MH- 4099852"",NULL,2"
"208,3,""ECOGRAFO  "",MEDISON,""SONOACE SA X6"",A96510300001375,NULL,2"
"209,5,ECOGRAFO,SIEMENS,""ACUSON X 300"",343672,NULL,2"
"210,5,""OXIMETRO DE PULSO"",BIOHIGHT,""M 70"",,NULL,2"
"211,5,""EQUIPO DE RAYOS X"",""GENERAL ELECTRIC"",AMRAD,""6F907 -AMA1710806- "",NULL,2"
"212,5,""TOMOGRAFO "",""GENERAL ELECTRIC"",""BRIGHTSPEED ELITE SELECT"",""216532HM2 - 2806008"",NULL,2"
"213,5,""EQUIPO DIGITALIZADOR "",AGFA,CR-35,""2705 - NX100212388"",NULL,2"
"214,5,""EQUIPO DE ENDOSCOPIA FUJINON"",FUJINON,EPX-2200,""2V338A145 -NV456A285- B221943- 4G361A220- 4C592A066- 6D095B031"",NULL,2"
215,5,PULSOXIMETRO,RADICAL,MASSIMO,.020983,NULL,2
"216,5,""MONITOR DE SIGNOS VITALES "",""GENERAL ELECTRIC"",""DINAMAP V-100"",SDT10170106SA,NULL,2"
"217,5,""PISTOLA DE BIOPSIA"",""PRO- MAG ULTRA"",N/A,6253,NULL,2"
"218,5,""ASPIRADOR QUIRURGICO"",THOMAS,1635,5090000389,NULL,2"
"219,5,""REGULADOR DE OXIGENO"",""AIR IMETAN"",,117995-284MA,NULL,2"
"220,5,""TERMOHIGROMETRO "",N/A,N/A,N/A,NULL,2"
"221,5,""INYECTOR OPTIVANTAGE"",LF,""CT900 ADV"",CI1210B510,NULL,2"
"222,5,""TERMOHIGROMETRO "",N/A,N/A,N/A,NULL,2"
"223,5,""PISTOLA DE BIOPSIA"",ANGIOTECH,N/A,21458,NULL,2"
"224,9,""VIDEO COLPOSCOPIO "",ECLERIS,C100,C100F1R0111022951,NULL,2"
"225,9,""EQUIPO DIGITALIZADOR  "",AGFA,CR-35,""7098 - NX285-10612- NX29610440"",NULL,2"
"226,9,""ECOGRAFO  "",TOSHIBA,""NEMIO XG SSA-580A/A7"",""A7A1124915 -99A1136801"",NULL,2"
"227,9,""EQUIPO DE RADIOFRECUENCIA"",ELLMAN,FFPF,10013,NULL,2"
"228,9,""FONENDOSCOPIO ADULTO"",ALPK2,N/A,N/A,NULL,2"
"229,9,""TENSIOMETRO ADULTO"",ALPK2,SPHYGMOMANOMETER,981884,NULL,2"
"230,9,""EQUIPO DE RAYOS X"",RTR,E7239FX,""08L001 - 016/08- "",NULL,2"
"231,10,""EQUIPO DE RAYOS X"",RTR,H49227,""7D0383 -02109 -1048"",NULL,2"
"232,10,""EQUIPO DIGITALIZADOR  "",AGFA,CR-30,""5100 NX 29610585"",NULL,2"
"233,14,""EQUIPO DE RAYOS X"",SIEMENS,2125284X1122,""8510377OP -MA24690395"",NULL,2"
"234,14,""TERMOHIGROMETRO "",JUMBO,N/A,N/A,NULL,2"
"235,14,""EQUIPO DIGITALIZADOR  "",KODAK,""CR CLASSIC"",""22309 K46118075"",NULL,2"
"236,15,""ECOGRAFO "",SIEMENS,""ACUSON X 300"",312226,NULL,2"
"237,15,""EQUIPO DE ORGANOS"",""WELCH ALLYN"",5242,N/A,NULL,2"
"238,15,ECOGRAFO,MEDISON,""SONOACE 8000 SE"",SE07PUQU,NULL,2"
"239,15,""FONENDOSCOPIO ADULTO"",ALPK2,N/A,N/A,NULL,2"
240,15,TERMOHIGROMETRO,N/A,N/A,,NULL,2
"241,15,""FONENDOSCOPIO ADULTO"",ALPK2,N/A,N/A,NULL,2"
"242,15,""BALANZA "",SECA,N/A,B0539201015,NULL,2"
"243,15,""TENSIOMETRO ADULTO"",ALPK2,SPHYGMOMANOMETER,980313,NULL,2"
"244,15,""TENSIOMETRO ADULTO"",LABTRON,SPHYGMOMANOMETER,O95714,NULL,2"
"245,15,""FONENDOSCOPIO ADULTO"",ALPK2,N/A,N/A,NULL,2"
"246,15,""TENSIOMETRO ADULTO"",ALPK2,SPHYGMOMANOMETER,274216,NULL,2"
"247,15,""BALANZA "",SECA,N/A,8813212100793.,NULL,2"
248,17,DIGITALIZADOR,AGFA,CR-30,50207,NULL,2
"249,17,""INYECTOR "",""LIEBEL "",OPTIVANTAGE,CT9000,NULL,2"
"250,18,TOMOGRAFO,""GENERAL ELECTRIC"",""BRIVO CT 325"",4020397,NULL,2"
"251,1,ECOGRAFO,SONOSCAPE,S6,""2713366 -600TZFA000HF"",NULL,2"
"252,18,INYECTOR,MALLINCKRODT,""CT 9000"",CI0312B026-CI1021B026,NULL,2"
253,18,DIGITALIZADOR,AGFA,CR-30,32619-NX28311037,NULL,2
"254,18,TERMOHIGROMETRO,EYL,""JUMBO TTH"",1355,NULL,2"
"255,18,""EQUIPO DE RAYOS X "",SIEMENS,""POLYMOBIL PLUS"",21329,NULL,2"
"256,19,DIGITALIZADOR,AGFA,CR-30,""32602 -NX28311038"",NULL,2"
"257,20,TOMOGRAFO,""GENERAL ELECTRIC"",""BRIVO CT 325"",""2938255 - 275901HMF"",NULL,2"
"258,20,""INYECTOR "",LF,""CT900 ADV"",CI0211B022,NULL,2"
259,20,DIGITALIZADOR,AGFA,CR-30,7313-NX28611486,NULL,2
"260,20,""ECOGRAFO "",MEDISON,""SONOACE SA X6"",A96510300001370,NULL,2"
"261,20,TERMOHIGROMETRO,EYL,""JUMBO TTH"",1360,NULL,2"
"262,20,""EQUIPO DE RAYOS X "",SIEMENS,""POLYMOBI PLUS"",22086,NULL,2"
"263,20,""EQUIPO DE RAYOS X"",RTR,E72396X,07H205-MA095211871017,NULL,2"
"264,21,ECOGRAFO,""GENERAL ELECTRIC"",""LOGIQ P5"",""191775SU6 -4043475"",NULL,2"
"265,21,DIGITALIZADOR,AGFA,CR-30,""32659- NX28311044"",NULL,2"
266,22,DIGITALIZADOR,AGFA,CR-30,31432-NX28311045,NULL,2
"267,23,""ECOGRAFO  "",TOSHIBA,""NEMIO 10-SSA"",P5674414,NULL,2"
268,23,DIGITALIZADOR,AGFA,CR-30,32666-NX28311042-14575,NULL,2
"269,24,DIGITALIZADOR,AGFA,CR-35,""7934 -NX29710365"",NULL,2"
"270,30,TOMOGRAFO,GENERAL,""BRIGHT SPEED"",""309870HM4 -4051774"",NULL,2"
"271,30,""EQUIPO DE RAYOS X"",AMRAD,400,""AMA 250-0812-MV455-120708"",NULL,2"
272,30,DIGITALIZADOR,AGFA,CR-35,8500,NULL,2
"273,30,IMPRESORA,AGFA,""DRY START"",,NULL,2"
"274,30,""EQUIPO DE RAYOS X"",SIEMENS,""POLYMOBIL PLUS"",50521,NULL,2"
"275,30,""ECOGRAFO  "",TOSHIBA,""NEMIO XG"",A3E0924818,NULL,2"
"276,30,""INYECTOR "",OPTIVANTAGE,""DC 900"",CI0711B544,NULL,2"
"277,31,""EQUIPO DIGITALIZADOR  "",AGFA,CR-35,""4724-NX 29710371"",NULL,2"
"278,32,""EQUIPO DE RAYOS X"",AMRAD,""AM 400"",""MV418 - CS060813 - ALA 2440813"",NULL,2"
"279,32,""EQUIPO DIGITALIZADOR "",AGFA,CR-30,50912,NULL,2"
"280,32,ECOGRAFO,TOSHIBA,""NEMIO XG"",A3F09Z2065-99A09Y5399,NULL,2"
"281,32,""EQUIPO DE RAYOS X PORTATIL"",SHIMADZU,""MOBILEART ECO"",3YCFC3947007,NULL,2"
"282,32,""INYECTOR "",""LF (MALINCKRODT"",OPTIVANTEGE,CI0512B549,NULL,2"
"283,32,TOMOGRAFO,TOSHIBA,""ALEXION 16"",""1NA1382750 - 1AA1382754"",NULL,2"
"284,32,""ECOGRAFO  "",TOSHIBA,""NEMIO XG"",A3E0924815,NULL,2"
"285,32,""TERMOHIGROMETRO "",N/A,N/A,,NULL,2"
"286,32,DESFIBRILADOR,MINDRAY,""BENEHEART D6"",DG43010754,NULL,2"
"287,32,""PISTOLA DE BIOPSIA"",ANGIOTECH,PROMAGULTRA,23043,NULL,2"
288,32,SUCCIONADOR,APEX,VC701,N/A,NULL,2
"289,32,""TERMOHIGROMETRO "",""JUMBO 303C"",N/A,N/A,NULL,2"
"290,33,""EQUIPO DIGITALIZADOR  "",AGFA,CR-30,10414,NULL,2"
"291,35,""EQUIPO DE RAYOS X"",UNIVERSAL,""UNI MATIC 325"",MR245906941017,NULL,2"
"292,35,""PROCESADORA "",KODAK,""CP 1000"",,NULL,2"
"293,35,DIGITALIZADOR,FUJIFILM,""FCR PRIMA"",36623002,NULL,2"
"294,36,""ECOGRAFO "",SONOSCAPE,S6,1704884,NULL,2"
"295,36,""RAYOS X"",AMRAD,""SUMMIT INDUSTRIES"",""13B1033 - CS1290114 - MV459"",NULL,2"
"296,36,DIGITALIZADOR,AGFA,""CR 30 X"",27410349,NULL,2"
"297,57,""RAYOS X"",AMRAD,SUMMITINDUSTRIES,""13B1033 - CS1290114 - MV459"",NULL,2"
298,57,ECOGRAFO,MINDRAY,DC7,MX-57007081,NULL,2
299,57,ROBOT,EPSON,PP100,51H0322H,NULL,2
300,57,TOMOGRAFO,SIEMENS,SOMATONEMOTION6,44340,NULL,2
"301,57,""RAYOS X (HOSPITAL)"",PHILIPS,DUODIAGNOSTIC,99000049,NULL,2"
"302,57,""RAYOS X (PORTATIL)"",TOSHIBA,KCD10M-7,84603155,NULL,2"
303,57,INYECTOR,MEDRAD,STELLANTD,39722,NULL,2
304,57,TERMOHIGROMETRO,DIGITAL,N/A,TMH035,NULL,2
305,57,TERMOHIGROMETRO,DIGITAL,N/A,N/A,NULL,2
306,57,PISTOLADEBIOPSIA,PROMAGULTRA,N/A,31457,NULL,2
307,57,PISTOLADEBIOPSIA,PROMAGULTRA,N/A,15960,NULL,2
308,57,DESFIBRILADOR,FUKUDA,FC560,28151834,NULL,2
309,57,ASPIRADORQUIRURGICO,THOMAS,16301,106E+11,NULL,2
"310,57,DIGITALIZADOR,CARESTREAM,""CR - CLASSIC"",23198,NULL,2"
311,57,IMPRESORADEPLACAS,CARESTREAM,KODAKDRYVIEW5800,58052502,NULL,2
312,57,FLUJOMETRO,AMVEX,N/A,FMA028669FG,NULL,2
313,57,LARINGOSCOPIO,WELCHALLYN,60400,N/A,NULL,2
314,57,FLUJOMETRO,TIMETER,N/A,8052152,NULL,2
315,57,FLUJOMETRO,OHIO,N/A,Q61277,NULL,2
316,57,FLUJOMETRO,AMVEX,NR,FMA019904FH,NULL,2
"317,43,""EQUIPO DE RAYOS X"",SHIMADZU,""MOBILEART EVOLUTION"",""5037000051 - 0162S87304"",NULL,2"
"318,43,ECOGRAFO,SIEMENS,""ACUSON X 300 PREMIUM EDITION"",341659,NULL,2"
"319,43,ECOGRAFO,SIEMENS,""ACUSON X 300"",312226,NULL,2"
"320,43,""EQUIPO DIGITALIZADOR"",AGFA,""CR 30"",32673,NULL,2"
"321,43,TOMOGRAFO,TOSHIBA,""ALEXION 16"",2KD14Z2087,NULL,2"
322,43,INYECTOR,MALLINCKRODT,OPTIVANTEGE,CI213B512X,NULL,2
"323,43,""MONITOR DE SIGNOS VITALES"",MINDRAY,""IMEC 8"",""EW - 45010127"",NULL,2"
"324,43,DESFIBRILADOR,MINDRAY,""BENEHEART D3"",EL-38009393,NULL,2"
"325,43,MAMOGRAFO,SIEMENS,""MAMMOMAT 300"",011440S11,NULL,2"
"326,43,""RAYOS X (HOSPITAL)"",""GENERAL ELECTRIC"",5183178,AAY3D1,NULL,2"
"327,43,""DIGITALIZADOR (HOSPITAL)"",FUJIFILM,""FCR CAPSULA"",7126273,NULL,2"
"328,43,LARINGOSCOPIO,""WELCH ALLYN"",60813,N/A,NULL,2"
"329,43,""IMPRESORA DE PLACAS"",FUJIFILM,""DRYPIX 4000"",6432566,NULL,2"
"330,43,""ROBOT (HOSPITAL)"",EPSON,PP100,KHTF002755,NULL,2"
331,43,TERMOHIGROMETRO,N/A,N/A,N/A,NULL,2
"332,43,""TERMOHIGROMETRO (HOSPITAL)"",N/A,N/A,1502,NULL,2"
333,43,LARINGOSCOPIO,WELCHALLYN,60400,N/A,NULL,2
334,43,FLUJOMETRO,TIMETER,N/A,8052152,NULL,2
335,43,FLUJOMETRO,OHIO,N/A,Q61277,NULL,2
336,43,FLUJOMETRO,AMVEX,NR,FMA019904FH,NULL,2
337,66,ECOGRAFO,MINDRAY,DC7,MX54006944,NULL,2
338,66,DIGITALIZADOR,AGFA,CR30,10414,NULL,2
"339,66,""RAYOS X FIJO"",SIEMENS,R100,1234,NULL,2"
"340,66,""RAYOS X PORTATIL"",SIEMENS,""POLYMOBIL PLUS"",2532,NULL,2"
341,64,RESONADOR,SIEMENS,AMIRA,174833,NULL,2
"342,64,INJECTOR,MEDRAD,""SPETRICS SOLARIS"",202781,NULL,2"
"343,64,""RAYOS X"",ANRA,MV459,CS129-0114,NULL,2"
"344,64,""FLAT PANEL"",FUJIFILM,CF19,4JKSA01378,NULL,2"
"345,64,ECOGRAFO,TOSHIBA,""XARIO 100"",99C1554358,NULL,2"
"346,64,""TERMOHIGROMETRO - 1"",VICI,CTH-608,1532350425,NULL,2"
"347,64,""TERMOHIGROMETRO - 2"",VICI,CTH-608,1532350428,NULL,2"
"348,64,""TERMOHIGROMETRO - 3"",VICI,CTH-608,1532350427,NULL,2"
349,67,Electrocardiografo,Cardioline,AR600viewBT,07851620,NULL,2
"350,67,""Equipo de Rayos X"",Universal,""UNI-MATIC 325"",MR245906941017,NULL,2"
351,67,Termohigrometro,Vici,CTH-608,N/A,NULL,2
352,67,Termohigrometro,Vici,CTH-608,N/A,NULL,2
"354,64,DIGITALIZADOR,KODAK,""CR CLASSIC"",22309,NULL,2"
355,3,BASCULA,Detecto,D350K,DK0000141215664,NULL,2
356,1,BASCULA,Detecto,D350K,DK00000141215303,NULL,2
"357,43,ECOGRAFO,Siemens,""Acusson X 300"",349897,NULL,2"
358,64,BASCULA,Detecto,D350K,DK00000141215488,NULL,2
"359,67,ECOGRAFO,Siemens,""Acusson X 300"",350760,NULL,2"
"360,3,""ECOGRAFO "",Sonoscape,S6,2713366,NULL,2"
"361,1,""ECOGRAFO "",Medison,SAX6,A965103000001375,NULL,2"
"362,9,""ECOGRAFO "",""General Electric"",P5,191775SUS,NULL,2"
"363,64,""ECOGRAFO "",Toshiba,""Nemio XG"",A3F09Z2065,NULL,2"
"364,64,""ECOGRAFO "",Toshiba,""Nemio 10"",P5614414,NULL,2"
"365,64,""ECOGRAFO "",Toshiba,""Nemio XG"",""A7A1124915 -99A1136801"",NULL,2"
"366,68,ECOGRAFO,Siemens,""Acuson X300"",3421659,NULL,2"
367,71,Aspirador,Pulmo-med,7E-C,00096,NULL,2
"368,71,Bascula,Detecto,"" D350K "",DK00000141215659,NULL,2"
369,71,Desfibrilador,Cardiaid,CT0207RF,319050048,NULL,2
370,71,Ecografo,Mindray,DC-7,MX-54006841,NULL,2
"371,71,""Flat Panel"",AGFA,DX-D40,V6DADU647,NULL,2"
"372,71,""Inyector Optivantage"",LIEBEL-FLARSHEIN,""C06128502X  "",""C06128502X  "",NULL,2"
"373,71,""Equipo de Rayos X"",Amrad,""AM 400"",AL244-0813,NULL,2"
"374,71,Tomografo,Toshiba,""Alexion 16"",1NA1382750,NULL,2"
"375,71,""Monitor de Signos Vitales"",Mindray,""Imec 10"",Ex.92065992,NULL,2"
"376,75,""Equipo de Rayos X"",GATO,x,800250192,NULL,2"
"377,66,Báscula,""Health o Meter"",160KGWA,1620002857,1532350093,1"
378,66,Camilla,NA,NA,NA,1425010001,1
"379,66,Chasis,FUJIFILM,""12 x 10"",NA,1450010025,1"
"380,66,Chasis,FUJIFILM,""12 x 10"",NA,1450010026,1"
"381,66,Chasis,FUJIFILM,""12 x 10"",NA,1450010027,1"
"382,66,Chasis,FUJIFILM,""12 x 10"",NA,1450010018,1"
"383,66,Chasis,FUJIFILM,""12 x 10"",NA,1450010024,1"
"384,66,Chasis,FUJIFILM,""12 x 10"",NA,1450010015,1"
"385,66,Digitalizador,Fujifilm,""FCR Prima T IR"",36863047,1411010006,1"
386,66,Ecógrafo,Mindray,DC-7,MX-54006844,1430010029,1
"387,66,Ecógrafo,Siemens,""ACUSON X700"",362178,1409010008,1"
"388,66,Fonendoscopio,Littmann,""Classic II"",44677,""sin sticker"",1"
"389,66,""NX Digitalizador"",Fujifilm,""CR-IR 391CL"",36623002,1528050341/1302010010,1"
"390,66,""Rayos X"",Amrad,""AM 400"",""AMA 250-0812"",""sin sticker"",1"
"391,66,""Rayos X Portátil"",Siemens,""Polymobil Plus"",55158,1445010081,1"
"392,66,Tensiómetro,ALPK2,SPHYGMOMANOMETER,981901,""sin sticker"",1"
"393,66,""Transductor Convexo"",Mindray,C5-2,QKC7C052387,1430010029,1"
"394,66,""Transductor Endocavitario"",Mindray,V10-4,NDP5C016217,1430010029,1"
"395,66,""Transductor Lineal"",Mindray,L12-4,MPQ33000998,1430010029,1"
"396,75,Báscula,""Health o Meter"",160KG,1600023228,1430010033,1"
"397,75,Desfibrilador,Mindray,""Beneheart D3"",EZ-98023815,""sin sticker"",1"
"398,75,Ecógrafo,Philips,""AFFINITI 30"",USO19E2005,1409010011,1"
"399,75,Ecógrafo,Siemens,""ACUSON X300"",341659,1532350357,1"
"400,75,""Flat Panel"",Carestream,""DRX PLUS"",193430100067,1409010003,1"
"401,75,Inyector,Medrad,""Stelant II"",304412,""sin sticker"",1"
"402,75,""Pistola de Biopsia"",""Pro-Mag Ultra"",7675,23777,""sin sticker"",1"
"403,75,""Rayos X"",Carestream,""Drx Ascend"",QS550-18R-0903,1409010006,1"
"404,75,""Rayos X Portátil"",Carestream,""Motion Mobile"",MTN19/269,1409010005,1"
"405,75,Tomógrafo,Philips,""Access CT 32"",320098,1409010007,1"
"406,75,""Transductor Convexo"",Siemens,CH5-2,52820017,""sin sticker"",1"
"407,75,""Transductor Convexo"",Philips,C6-2,""( 21 ) B39V3X"",""sin sticker"",1"
"408,75,""Transductor Endocavitario"",Siemens,EC9-4,65128705,""sin sticker"",1"
"409,75,""Transductor Endocavitario"",Philips,C9-4V,""( 21 ) B39TYC"",""sin sticker"",1"
"410,75,""Transductor Lineal"",Siemens,VF13-5,64943004,""sin sticker"",1"
"411,75,""Transductor Lineal"",Philips,L12-4,""( 21 ) B3DW3C"",""sin sticker"",1"
"412,1,Aspirador,Apex,""VC 701"",045A-00368,1420010010,1"
413,1,Báscula,Detecto,D350K,DK00000141215303,1420010022,1
"414,1,Báscula,""Health o Meter"",160KG,1600021150,1403010021,1"
415,1,Báscula,Seca,8131321009,8813030210446,1430010035,1
416,1,Camilla,NA,NA,NA,1420010034,1
"417,1,""Carro de paro"",NA,NA,NA,1420010020,1"
"418,1,Chasis,AGFA,""8 x 10"",NA,1403010129,1"
"419,1,Chasis,AGFA,""10 x 12"",NA,1403010130,1"
"420,1,Chasis,AGFA,""10 x 12"",NA,1403010131,1"
"421,1,Chasis,AGFA,""14 x 17"",NA,1450010032,1"
"422,1,Chasis,AGFA,""14 x 17"",NA,1445010021,1"
"423,1,Chasis,AGFA,""14 x 17"",NA,""sin sticker"",1"
"424,1,Chasis,AGFA,""14 x 17"",NA,1445010023,1"
"425,1,Colposcopio,Fiberlight,FO-101,1006634,""sin sticker"",1"
"426,1,Desfibrilador,Mindray,""Beneheart D6"",DG-49011969,1420010009,1"
"427,1,Digitalizador,Agfa,""CR 30"",50912,1420010006,1"
"428,1,Ecógrafo,Toshiba,""Nemio XG"",A7A1124915,1420010003,1"
"429,1,Ecógrafo,Vinno,E10,U0192HP016,""sin sticker"",1"
"430,1,Fonendoscopio,""GMD Diagnostic"",GMD30,N.N,""sin sticker"",1"
"431,1,Glucómetro,FreeStyle,""Optium Neo"",LAGX061S01405,""sin sticker"",1"
"432,1,Inyector,""LF GUERBET"",""OPTISTAR ELITE"",C0121D730G,""sin sticker"",1"
"433,1,Inyector,Medrad,""Spectris Solaris"",3012012-46111,""sin sticker"",1"
"434,1,Inyector,Medrad,""Stelant II"",310133,""sin sticker"",1"
435,1,Inyector,Mallinckrodt,Optivantage,C0213B547X,1420010013,1
"436,1,Laringoscopio,""Welch Allyn"",""Ma intosh"",53175,""sin sticker"",1"
"437,1,""Monitor de Signos Vitales RM"",Iradimed,3880M-3,IR388001497,1405010094,1"
"438,1,""NX Digitalizador"",""HP - AGFA"",HPRP5800,NX261-12340,""sin sticker"",1"
"439,1,Pletismógrafo,""Summit Doppler"",""Vista AVS"",5142198,142001002,1"
440,1,Precalentador,MALLINCKRODT,1550CWA,CI1110Q014,1420010011,1
"441,1,""Rayos X Especiales"",Toshiba,""Winescope Plestart"",E3A1192001,1420010014,1"
"442,1,""Rayos X Portátil"",Siemens,""Polymobil Plus"",50521,1445010004,1"
"443,1,""Resonador Magnético"",Philips,""Intera 1.5"",30216,""sin sticker"",1"
"444,1,Tensiómetro,""Welch Allyn"",""DS44-11 DS44"",180416122157,""sin sticker"",1"
"445,1,Tomógrafo,Toshiba,""Activion 16"",1CC10Z2958,1420010008,1"
"446,1,""Transductor convexo"",Toshiba,PVM-375AT,NA,""sin sticker"",1"
"447,1,""Transductor Convexo"",Vinno,""F2-5CE - ref 1000239"",P0222HE024,""sin sticker"",1"
"448,1,""Transductor Endocavitario"",Vinno,""F4-9E -ref 1000431"",P0152GF016,""sin sticker"",1"
"449,1,""Transductor Endocavitario"",Toshiba,PVM-651VT,TDA1116598,""sin sticker"",1"
"450,1,""Transductor Lineal"",Vinno,""F4-12L ref 1000069"",P0162GK024,""sin sticker"",1"
"451,1,""Transductor Lineal"",Toshiba,PLM-805AT,C3545944,""sin sticker"",1"
"452,1,""Transductor Lineal"",Toshiba,PLM-703AT,TDA1034473,""sin sticker"",1"
"453,1,""Video gastroscopio"",Olympus,GIF-H170,2032279,1420010036,1"
"454,3,Angiógrafo,Toshiba,INFIX-8000V,G3C1492008,""sin sticker"",1"
"455,3,Angiógrafo,Toshiba,INFINIXCCI,""99D07Y2766 - 09BZ6008"",1405010085,1"
"456,3,""Arco en C"",""General Electric"",""OEC-9900 ELITE"",E2-7650-MH,1405010036,1"
"457,3,Aspirador,Ca-Mi,""New Askir 30"",75011,1405010051,1"
458,3,Aspirador,Apex,NA,NA,1406010034,1
"459,3,Balanza,""Health o Meter"",142KL,1420073765,1405010053,1"
"460,3,Báscula,""Health o Meter"",160K,1600019309,""sin sticker"",1"
"461,3,""Cama de Cirugía"",NA,NA,NA,""sin sticker"",1"
"462,3,Camilla,""LOS PINOS"",NA,NA,1524050490,1"
463,3,Camilla,DOMETAL,NA,NA,1524050610,1
464,3,Camilla,IDI,NA,NA,1405010049,1
"465,3,""Carro de paro"",NA,NA,NA,1106070006,1"
"466,3,""Carro de paro"",NA,NA,NA,1524050668,1"
"467,3,""Carro de paro"",NA,NA,NA,1405010091,1"
468,3,Chasis,AGFA,CRMD4.0T,NA,1201990103,1
469,3,Chasis,AGFA,NA,NA,1403010119,1
470,3,Chasis,AGFA,NA,NA,1403010120,1
471,3,Chasis,AGFA,NA,NA,1403010122,1
472,3,Chasis,AGFA,NA,NA,1403010123,1
473,3,Chasis,AGFA,NA,NA,1403010124,1
474,3,Chasis,AGFA,NA,NA,1403010125,1
475,3,Chasis,AGFA,NA,NA,1403010126,1
476,3,Chasis,AGFA,NA,NA,1403010127,1
477,3,Chasis,AGFA,NA,NA,1403010132,1
478,3,Chasis,AGFA,NA,NA,1403010133,1
479,3,Chasis,AGFA,NA,NA,1403010143,1
480,3,Chasis,AGFA,NA,NA,1403010144,1
481,3,Chasis,AGFA,NA,NA,1403010146,1
482,3,Chasis,AGFA,NA,NA,1403010147,1
483,3,Chasis,AGFA,NA,NA,1450010030,1
484,3,Chasis,AGFA,NA,NA,1450010031,1
485,3,Chasis,AGFA,NA,NA,1532350237,1
486,3,Chasis,AGFA,NA,NA,1040000004,1
487,3,Chasis,AGFA,NA,NA,1040000005,1
488,3,Chasis,AGFA,NA,NA,1445010025,1
489,3,Chasis,AGFA,NA,NA,1445010027,1
490,3,Chasis,AGFA,NA,NA,1445010028,1
491,3,Chasis,AGFA,NA,NA,1445010031,1
492,3,Chasis,AGFA,NA,NA,1445010024,1
"493,3,Desfibrilador,Mindray,""Beneheart D6"",DG-49011968,1532350226,1"
494,3,Digitalizador,Agfa,DX-M,12529,1405010011,1
"495,3,Digitalizador,Agfa,""CR 30"",50891,1425010010,1"
"496,3,Ecógrafo,Philips,""AFFINITI 30"",USO19E2006,1532350342,1"
"497,3,Ecógrafo,""Samsung Medison"",HS40,S16WM3HJ500001M,1425010025,1"
498,3,Ecógrafo,Sonoace,X6,A96510300001375,1405010015,1
499,3,Ecógrafo,Sonoscape,S2,3224566,1405010079,1
"500,3,""Transductor Lineal"",Sonoscape,L741,R31348217,""sin sticker"",1"
501,3,Ecógrafo,Sonoscape,S6,1704884,1405010047,1
502,3,Ecógrafo,Vinno,8,U0132JW006,1532350352,1
"503,3,Fonendoscopio,""GMD Diagnostic"",GMD30,N.N,""sin sticker"",1"
"504,3,Fonendoscopio,""GMD Diagnostic"",GMD30,D01ID01437,""sin sticker"",1"
"505,3,Fonendoscopio,""GMD Diagnostic"",GMD30,N.N,""sin sticker"",1"
"506,3,Glucómetro,Glucoquick,G30A,4241116120091510,""sin sticker"",1"
"507,3,Glucómetro,FreeStyle,""Optium Neo"",LAGX061S01044,""sin sticker"",1"
"508,3,Infusor,Riester,Metpak,210220998,""sin sticker"",1"
"509,3,Infusor,Riester,Metpak,210220997,""sin sticker"",1"
"510,3,Infusor,Riester,Metpak,14260113,""sin sticker"",1"
"511,3,Infusor,Riester,Metpak,210220711,""sin sticker"",1"
"512,3,Infusor,Riester,Metpak,210220710,""sin sticker"",1"
"513,3,Inyector,""LF GUERBET"",""OPTISTAR ELITE"",NA,""sin sticker"",1"
"514,3,Inyector,Medrad,""Stellant Dual"",60726726-201157,""sin sticker"",1"
"515,3,Inyector,Medrad,""MARK V PROVIS"",104460,""sin sticker"",1"
"516,3,Inyector,Medrad,""Stellant Dual"",60726726-201216,""sin sticker"",1"
"517,3,Inyector,Medrad,""MARK V PROVIS"",102345,""sin sticker"",1"
"518,3,Inyector,Medrad,""Spectris Solaris"",3012012-46896,""sin sticker"",1"
"519,3,Inyector,Medrad,""Stelant II"",310162,""sin sticker"",1"
"520,3,Laringoscopio,""General Electric"",4558GSP,5317J,""sin sticker"",1"
"521,3,Laringoscopio,""General Electric"",4558GSP,N/A,""sin sticker"",1"
"522,3,Laringoscopio,ADC,NA,4072,""sin sticker"",1"
"523,3,Laringoscopio,ADC,NA,4065,""sin sticker"",1"
"524,3,""Máquina de Anestesia"",Blense,""Genius Vent"",""000170 -21301-032"",1532350187,1"
"525,3,""Máquina de Anestesia"",Mindray,""Wato EX 65"",DA/13101503,1405010082,1"
"526,3,""Monitor de Signos Vitales"",Mindray,""Beneview T5"",CM-12116148,1405010055,1"
"527,3,""Monitor de Signos Vitales RM"",Iradimed,3880,IR388001374,1420010035,1"
"528,3,Nevera,Haceb,""NEVAS 87LCE 1P T1"",90107431,1205060002,1"
529,3,Nevera,Haceb,NA,NA,1524050628,1
530,3,Nevera,Haceb,N46CE1PBL,UCC128,1524051411,1
"531,3,""NX Digitalizador"",""HP - AGFA"",NX8700HP8200RAID1PC,NX272-10263,""sin sticker"",1"
"532,3,""NX Digitalizador"",""HP - AGFA"",NX8800SU1HPRP5800RAID1PC,NX251-10412,""sin sticker"",1"
"533,3,""Pistola de Biopsia"",""Pro-Mag Ultra"",7675,15960,""sin sticker"",1"
"534,3,""Pistola de Biopsia"",""Pro-Mag Ultra"",7675,24597,""sin sticker"",1"
"535,3,""Pistola de Biopsia"",""Pro-Mag Ultra"",7675,24915,""sin sticker"",1"
"536,3,""Pistola de Biopsia"",""Pro-Mag Ultra"",7675,21458,""sin sticker"",1"
"537,3,""Pistola de Biopsia"",""Pro-Mag Ultra"",7675,31457,""sin sticker"",1"
"538,3,""Pistola de Biopsia"",""Pro-Mag Ultra"",7675,""RP 3393"",""sin sticker"",1"
"539,3,Pletismógrafo,""Summit Doppler"",""Vista AVS"",2016060034,1405010063,1"
"540,3,Precalentador,Bayer,ULTRAVIST,40474045,""sin sticker"",1"
"541,3,Precalentador,""LW Scientific"",ICL-020LD071,55055,""sin sticker"",1"
"542,3,""Rayos X"",Amrad,""AM 400"",""NN 378-0712 AMA246-0712"",1405010005,1"
"543,3,""Rayos X Especiales"",Toshiba,""Winescope Plestart"",E3A11X2003,""1405010027 - 1524051611 -1405010035"",1"
"544,3,""Rayos X Portátil"",Siemens,""Polymobil Plus"",55157,1445010080,1"
"545,3,""Rayos X Portátil"",Shimadzu,""Mobileart Evolution"",41000330C001,1405010006,1"
"546,3,""Resonador Magnético"",Siemens,""Avanto 1.5 - 10684331"",57128,1405010052,1"
"547,3,Tensiómetro,""Welch Allyn"",""DS44-11 DS44"",180426135858,""sin sticker"",1"
"548,3,Tensiómetro,""Welch Allyn"",""DS44-11 DS44"",180426120727,""sin sticker"",1"
"549,3,Tensiómetro,""Welch Allyn"",""DS44-11 DS44"",180426120108,""sin sticker"",1"
"550,3,Tomógrafo,Canon,""Aquilion LIGHTNING"",7CD2213359,1403010169,1"
"551,3,Tomógrafo,Toshiba,""Aquilion 64"",""HCA0682313 - 1AA682352"",1405010022,1"
"552,3,""Transductor Convexo"",Vinno,""F2-5CE - ref 1000239"",P0022HE025,""sin sticker"",1"
"553,3,""Transductor Convexo"",Toshiba,PVM-375AT,99D0894978,""sin sticker"",1"
"554,3,""Transductor Convexo"",""Samsung Medison"",""C3-7EP-N 50048"",1912ME006,""sin sticker"",1"
"555,3,""Transductor Convexo"",Philips,C6-2,(21)B39V1M,""sin sticker"",1"
"556,3,""Transductor Convexo"",Sonoscape,C344,""Sin serie"",1532350484,1"
"557,3,""Transductor Convexo"",""Samsung Medison"",CA2-8AD,K0J5M3GKB00033N,1425010025,1"
"558,3,""Transductor Endocavitario"",Toshiba,PVM-651VT,99B0923169,""sin sticker"",1"
"559,3,""Transductor Endocavitario"",Philips,C9-4V,(21)B35NP6,1040000010,1"
"560,3,""Transductor Endocavitario"",Vinno,F4-9E,P0152GF060,""sin sticker"",1"
"561,3,""Transductor Endocavitario"",""Samsung Medison"",EVN4-9,K0E8M3GKB00123N,1425010025,1"
"562,3,""Transductor Lineal"",Toshiba,PLM-805AT,99C0834792,""sin sticker"",1"
"563,3,""Transductor Lineal"",Vinno,""F4-12L ref 1000069"",P0162KB027,""sin sticker"",1"
"564,3,""Transductor Lineal"",""Samsung Medison"",PB-KHL5-12ED-N,B2B11270319,1532350344,1"
"565,3,""Transductor Lineal"",Philips,L12-4,(21)B3DQF6,""sin sticker"",1"
"566,3,""Transductor Lineal"",Sonoscape,NA,B723D,""sin sticker"",1"
"567,3,""Transductor lineal"",""Samsung Medison"",LA3-16AD,K0HAM3GK600117R,1425010025,1"
"568,3,UPS,MINUTEMAN,""ED3000RMZU 3KVA"",DE13090900144,""sin sticker"",1"
"569,3,UPS,MINUTEMAN,""CPE 1000"",KD96120600118,""sin sticker"",1"
570,9,Chasis,AGFA,NA,NA,1403010121,1
571,9,Chasis,AGFA,NA,NA,1450010028,1
572,9,Chasis,AGFA,NA,NA,1532350274,1
573,9,Chasis,AGFA,NA,NA,1532350275,1
574,9,Chasis,AGFA,NA,NA,1532350276,1
575,9,Chasis,AGFA,NA,NA,1532350302,1
576,9,Chasis,AGFA,NA,NA,1532350303,1
577,9,Chasis,AGFA,NA,NA,1532350304,1
578,9,Chasis,AGFA,NA,NA,1532350305,1
579,9,Chasis,AGFA,NA,NA,1532350353,1
580,9,Chasis,AGFA,NA,NA,1532350354,1
581,9,Chasis,AGFA,NA,NA,1532350355,1
582,9,Chasis,AGFA,NA,NA,1532350356,1
583,9,Chasis,AGFA,NA,NA,1445010022,1
584,9,Chasis,AGFA,NA,NA,1445010029,1
585,9,Chasis,AGFA,NA,NA,1445010030,1
586,9,Chasis,AGFA,NA,NA,1445010032,1
587,9,Colposcopio,Ecleris,C100,C100F1R0111022951,1532350099,1
"588,9,Digitalizador,Agfa,""CR 35"",""2705 - NX272-10263 NX 1889062574"",1405010012,1"
"589,9,Ecógrafo,""General Electric"",""Logiq P5"",X,10407010010,1"
"590,9,Electrocauterizador,""Ellman Surgitron"",F.F.P.F,10013,1532350095,1"
"591,9,Fonendoscopio,""Welch Allyn"",901039,5079-135,""sin sticker"",1"
"592,9,""NX Digitalizador"",Agfa,""NX2008 HP RAID1 PC"",NX29610440,""sin sticker"",1"
"593,9,""NX Digitalizador"",Agfa,""NX2008 HP RAID1 PC"",NX285-10612,""sin sticker"",1"
"594,9,""Rayos X"",RTR,E-10,008/08,1407010009,1"
"595,9,Tensiómetro,""Welch Allyn"",DS44-11,180729010238,""sin sticker"",1"
"596,9,""Transductor Convexo"",""General Electric"",""4C Ref: 2401359 - 2401359"",225745WX9,""sin sticker"",1"
"597,9,""Transductor Endocavitario"",""General Electric"",""Ref: E8CS- 47236865"",247724WX8,""sin sticker"",1"
"598,9,""Transductor Lineal"",""General Electric"",""Ref: 11L -5131434"",123165WP3,""sin sticker"",1"
"599,64,""Arco en C"",Siemens,""Cios Select"",13141,1403010142,1"
600,64,Aspirador,KAIYA,SU01A,SU1301000068,1403010024,1
601,64,Báscula,Moresco,8020,N/A,1204980001,1
602,64,Báscula,Seca,813,8813263181038,1403010041,1
603,64,Camilla,HYDRUX,NA,NA,1403010015,1
604,64,Camilla,DOMETAL,NA,NA,1403010020,1
605,64,Camilla,DOMETAL,NA,NA,1403010035,1
606,64,Camilla,NA,NA,NA,1406010022,1
607,64,Camilla,MUBI,8410CD-MB,NA,1403010141,1
608,64,Camilla,NA,NA,NA,1403010168,1
"609,64,""Carro de paro"",NA,NA,NA,1403010022,1"
"610,64,""Carro de paro"",NA,NA,NA,1405010083,1"
611,64,Chasis,AGFA,NA,NA,1403010128,1
612,64,Chasis,AGFA,NA,NA,1403010145,1
"613,64,Densitómetro,""General Electric"",""P11 PRODIGY FULL MLR"",511089MA,1403010117,1"
"614,64,Desfibrilador,Mindray,""Beneheart D6"",DG-43010754,1406010006,1"
"615,64,Desfibrilador,Mindray,""Beneheart D6"",DG-43010754,1532350218,1"
616,64,Ecógrafo,Mindray,DC-7,MX-57007081,1406010023,1
"617,64,Ecógrafo,Siemens,""ACUSON NX3"",""(21) 511195"",1409010009,1"
618,64,Ecógrafo,Siemens,Juniper,551702,1403010042,1
"619,64,Ecógrafo,Toshiba,""Xario 100"",99C1554358,1403010014,1"
"620,64,""Flat Panel"",Fujifilm,""D-EVO II G 35B DR.ID 1201SE"",47220149,""sin sticker"",1"
"621,64,Flujometro,Gentec,FM197B-15L-CH,61G-16050088/111,""sin sticker"",1"
"622,64,Flujometro,Gentec,FM197B-15L-CH,61G-16060236/139,""sin sticker"",1"
"623,64,Flujometro,Gentec,FM197B-15L-CH,61G-16060238/123,""sin sticker"",1"
"624,64,Flujometro,Gentec,FM197A-15L-CH,61G-16050371/037,""sin sticker"",1"
"625,64,Flujometro,Gentec,FM197A-15L-CH,61G-16060236/153,""sin sticker"",1"
"626,64,Fonendoscopio,""GMD Diagnostic"",GMD30,N/A,""sin sticker"",1"
627,64,Inyector,Mallinckrodt,Optivantage,C0816B667R,1403010028,1
"628,64,Mamógrafo,Siemens,MAMMOMAT,""(21) 3064"",1409010004,1"
"629,64,""Manifold O2"",Amico,N/A,1532350261,""sin sticker"",1"
"630,64,""Monitor de signos vitales"",Mindray,""Imec 8"",EW-75036101,1403010023,1"
"631,64,""NX Digitalizador"",Fujifilm,56228054,DR-ID300CL,1303010008,1"
"632,64,""Pistola de Biopsia"",""Pro-Mag Ultra"",7675,25272,""sin sticker"",1"
"633,64,""Pistola de Biopsia"",""Pro-Mag Ultra"",7675,33126,""sin sticker"",1"
"634,64,""Pistola de Biopsia"",""Pro-Mag Ultra"",7675,31172,""sin sticker"",1"
"635,64,""Rayos X"",Amrad,MV459,CS129-0114,1403010005,1"
"636,64,""Regulador de O2"",Essex,N/A,151890104,""sin sticker"",1"
"637,64,""Resonador Magnético"",Siemens,""Amira 1 5"",174833,""sin sticker"",1"
"638,64,Tensiómetro,""Welch Allyn"",DS44-11,180426105329,""sin sticker"",1"
"639,64,Tomógrafo,Toshiba,""Alexion 16"",2KD1642226,1403010026,1"
"640,64,""Transductor Convexo"",Toshiba,""6C1 - PVU-375BT"",99A17X5756,1532350348,1"
"641,64,""Transductor Convexo"",Siemens,CH5-2,60252009,""sin sticker"",1"
"642,64,""Transductor Convexo"",Mindray,C5-2,NDT9B073741,""sin sticker"",1"
"643,64,""Transductor Convexo"",Siemens,""5c1 - (240)11268278"",(21)92019016,1400000004,1"
"644,64,""Transductor Endocavitario"",Toshiba,""11C3 - PVU-781VT"",99B1583691,""sin sticker"",1"
"645,64,""Transductor Endocavitario"",Siemens,EC9-4,""( 21 ) 73635018"",""sin sticker"",1"
"646,64,""Transductor Endocavitario"",Mindray,V10-4,NDP55014207,""sin sticker"",1"
"647,64,""Transductor Endocavitario"",Siemens,""9MC3 - (240)11284920"",(21)BP90429,1400000004,1"
"648,64,""Transductor Lineal"",Siemens,VF12-4,""( 21 ) 73430010"",""sin sticker"",1"
"649,64,""Transductor Lineal"",Toshiba,""14L5 - PLU-1005BT"",99C21Z4981,""sin sticker"",1"
"650,64,""Transductor Lineal"",Mindray,7L4A,CB2Y9A187877,""sin sticker"",1"
"651,64,""Transductor Lineal"",Mindray,7L4A,CB2s88182705,""sin sticker"",1"
"652,64,""Transductor Lineal"",Siemens,""12L3 - (240)11268279"",(21)91716022,1400000004,1"
653,76,Camilla,NA,NA,NA,1101010087,1
654,76,Camilla,SENSILLA,NA,NA,1406010011,1
"655,76,""Carro de paro"",NA,NA,NA,1425010015,1"
656,76,Desfibrilador,Comen,S8,S8211106009,1532350338,1
"657,76,Ecógrafo,""General Electric"",""Logiq P5"",181124SU9,1403010045,1"
"658,76,""Flat Panel"",Carestream,""DRX PLUS"",192530100737,1409010010,1"
"659,76,""Rayos X"",""Summit Industries"",AMRAD,ALA251-1014,""sin sticker"",1"
"660,76,Tomógrafo,""General Electric"",""BRIGHTSPEED ELITE SELECT"",309870HM4,1403010118,1"
"661,76,""Transductor Convexo"",""General Electric"",""Ref:4C- 2401359"",230797WX3,1000000408,1"
"662,76,""Transductor Endocavitario"",""General Electric"",""E8CS Ref: 47236865"",229769WX5,""sin sticker"",1"
"663,76,""Transductor Lineal"",""General Electric"",Ref:11L-5131434,117633WP8,""sin sticker"",1"
664,71,Aspirador,Thomas,1635A,100700000223,1425010009,1
665,71,Báscula,Detecto,D350K,DK00000141215659,1406010032,1
"666,71,Báscula,""ELECTRON FISHHOOK"",SCALE,NA,1210980020,1"
667,71,Camilla,NA,NA,NA,1301020029,1
668,71,Camilla,DOMETAL,NA,NA,1406010003,1
669,71,Camilla,HIDRUX,NA,NA,1410010018,1
"670,71,""Carro de paro"",NA,NA,NA,1410010013,1"
"671,71,Desfibrilador,Mindray,""Beneheart D3"",EL-38009393,1430010019,1"
672,71,Desfibrilador,Cardiaid,CT0207RF,319050048,1410010016,1
673,71,Ecógrafo,Mindray,DC-7,MX-54006841,1405010014,1
"674,71,Ecógrafo,Vinno,E10,U0192HP015,""sin sticker"",1"
"675,71,""Flat Panel"",Agfa,DX-D40,V6DADU647,1532350388,1"
"676,71,Fonendoscopio,ALPK2,GRIS,N/A,""sin sticker"",1"
"677,71,Glucómetro,Glucoquick,G30A,424111834004083B,""sin sticker"",1"
678,71,Inyector,Mallinckrodt,Optivantage,C0213B553X,1410010020,1
"679,71,""Monitor de Signos Vitales"",Mindray,""Imec 10"",Ex.92065992,1410010017,1"
680,71,Precalentador,MALLINCKRODT,1550CWA,NA,1406010009,1
"681,71,""Rayos X"",Amrad,""AM 400"",AL244-0813,""sin sticker"",1"
"682,71,""Rayos X Portátil"",Siemens,""Polymobil Plus"",22086,1404010015,1"
"683,71,""Regulador de O2"",NA,284MA-15L,17275C235,""sin sticker"",1"
"684,71,""Regulador de O2"",NA,284MA-15L,N/A,""sin sticker"",1"
"685,71,""Regulador de O2"",NA,284MA-15L,N/A,""sin sticker"",1"
"686,71,Tensiómetro,ALPK2,GRIS,N/A,""sin sticker"",1"
"687,71,Tomógrafo,Toshiba,""Alexion 16"",1NA1382750,1406010008,1"
"688,71,""Transductor Convexo"",Mindray,C5-2,QKC83055800,""sin sticker"",1"
"689,71,""Transductor Convexo"",Vinno,""F2-5CE - ref 100039"",P0012GM002,""sin sticker"",1"
"690,71,""Transductor Endocavitario"",Mindray,V10-4,NDP17001542,""sin sticker"",1"
"691,71,""Transductor Endocavitario"",Vinno,""F4-9E -ref 1000431"",P0152GF044,""sin sticker"",1"
"692,71,""Transductor Lineal"",Mindray,7L4A,NDR99187869,""sin sticker"",1"
"693,71,""Transductor Lineal"",Vinno,""F4-12L ref 1000069"",P0162HD060,""sin sticker"",1"
